basketball nba chicago^bulls -> chicago bulls
football ncaa iupui^jaguars -> iupui jaguars football
football ncaa mount_st_marys^mountaineers -> mount st marys mountaineers football
football ncaa radford^highlanders -> radford highlanders football
football ncaa saint_josephs^hawks -> saint josephs hawks football
football ncaa saint_marys^gaels -> saint marys gaels football
football ncaa saint_peters^peacocks -> saint peters peacocks football
football ncaa st._johns^red_storm -> st. johns red storm football
football nfl green_bay^packers -> green bay packers
football nfl las_vegas^raiders -> las vegas raiders
football nfl los_angeles^chargers -> los angeles chargers
football nfl new_york^jets -> new york jets
football nfl tennessee^titans -> tennessee titans
golf pga aaron_pike -> aaron pike
golf pga abinav_lohan -> abinav lohan
golf pga abraham_ancer -> abraham ancer
golf pga adam_long -> adam long
golf pga adria_arnaus -> adria arnaus
golf pga ake_nilsson -> ake nilsson
golf pga akio_sadakata -> akio sadakata
golf pga akshay_sharma -> akshay sharma
golf pga alex_haindl -> alex haindl
golf pga allen_john -> allen john
golf pga andres_gallegos -> andres gallegos
golf pga andrew_martin -> andrew martin
golf pga andy_sullivan -> andy sullivan
golf pga aron_zemmer -> aron zemmer
golf pga ashley_hall -> ashley hall
golf pga atiruj_winaicharoenc -> atiruj winaicharoenc
golf pga austen_truslow -> austen truslow
golf pga ben_martin -> ben martin
golf pga ben_stow -> ben stow
golf pga ben_taylor -> ben taylor
golf pga benjamin_henry_poke -> benjamin henry poke
golf pga benjamin_rusch -> benjamin rusch
golf pga bill_haas -> bill haas
golf pga billy_kennerly -> billy kennerly
golf pga brad_hopfinger -> brad hopfinger
golf pga branden_grace -> branden grace
golf pga brandon_crick -> brandon crick
golf pga brandon_hagy -> brandon hagy
golf pga brandon_harkins -> brandon harkins
golf pga brandon_wu -> brandon wu
golf pga brendan_jones -> brendan jones
golf pga brendan_steele -> brendan steele
golf pga brendon_doyle -> brendon doyle
golf pga brian_harman -> brian harman
golf pga brian_stuard -> brian stuard
golf pga bryson_nimmer -> bryson nimmer
golf pga callum_tarren -> callum tarren
golf pga calum_hill -> calum hill
golf pga cameron_davis -> cameron davis
golf pga chad_ramey -> chad ramey
golf pga chandler_blanchet -> chandler blanchet
golf pga charles_howell_iii -> charles howell iii
golf pga charlie_danielson -> charlie danielson
golf pga charlie_lindh(am) -> charlie lindh(am)
golf pga charlie_saxon -> charlie saxon
golf pga chiehpo_lee -> chiehpo lee
golf pga choi_min_chel -> choi min chel
golf pga chonlatit_chuenboonngam -> chonlatit chuenboonngam
golf pga christopher_mivis -> christopher mivis
golf pga clinton_grobler -> clinton grobler
golf pga corey_conners -> corey conners
golf pga cormac_sharvin -> cormac sharvin
golf pga cory_crawford -> cory crawford
golf pga curtis_thompson -> curtis thompson
golf pga daehyun_kim -> daehyun kim
golf pga daijiro_izumida -> daijiro izumida
golf pga daisuke_matsubara -> daisuke matsubara
golf pga dale_whitnell -> dale whitnell
golf pga dan_mccarthy -> dan mccarthy
golf pga daniel_fox -> daniel fox
golf pga daniel_greene -> daniel greene
golf pga daniel_sutton -> daniel sutton
golf pga danny_masrin -> danny masrin
golf pga danny_willett -> danny willett
golf pga david_boote -> david boote
golf pga david_bransdon -> david bransdon
golf pga david_coupland -> david coupland
golf pga david_hearn -> david hearn
golf pga david_langley -> david langley
golf pga david_law -> david law
golf pga davis_riley -> davis riley
golf pga denzel_ieremia -> denzel ieremia
golf pga deon_germishuy -> deon germishuy
golf pga desne_van_den_bergh -> desne van den bergh
golf pga ding_wenyi -> ding wenyi
golf pga doc_redman -> doc redman
golf pga doug_ghim -> doug ghim
golf pga doyeob_mun -> doyeob mun
golf pga edoardo_raffael_lipparelli -> edoardo raffael lipparelli
golf pga eduard_rousaud -> eduard rousaud
golf pga enrico_di_nitto -> enrico di nitto
golf pga ernie_els -> ernie els
golf pga estiaan_conradie -> estiaan conradie
golf pga evan_harmeling -> evan harmeling
golf pga ewen_ferguson -> ewen ferguson
golf pga federico_maccario -> federico maccario
golf pga felix_mory -> felix mory
golf pga francesco_laporta -> francesco laporta
golf pga frederic_lacroix -> frederic lacroix
golf pga galam_jeon -> galam jeon
golf pga gary_woodland -> gary woodland
golf pga george_cunningham -> george cunningham
golf pga greyson_sigg -> greyson sigg
golf pga haimeng_chao -> haimeng chao
golf pga hanbyeol_kim -> hanbyeol kim
golf pga hanmil_jung -> hanmil jung
golf pga harrison_endycott -> harrison endycott
golf pga harry_hall -> harry hall
golf pga hayden_hopewel -> hayden hopewel
golf pga herman_loubser -> herman loubser
golf pga hideto_kobukuro -> hideto kobukuro
golf pga hirotaro_naito -> hirotaro naito
golf pga huilin_zhang -> huilin zhang
golf pga hyung_seok_seo -> hyung seok seo
golf pga hyungjoon_lee -> hyungjoon lee
golf pga ian_poulter -> ian poulter
golf pga innchoon_hwang -> innchoon hwang
golf pga isaiah_salinda -> isaiah salinda
golf pga itthipat_buranatanya -> itthipat buranatanya
golf pga jack_maguire -> jack maguire
golf pga jacobo_pastor_lopez -> jacobo pastor lopez
golf pga jacopo_vecchi_fossa -> jacopo vecchi fossa
golf pga jaekyeong_lee -> jaekyeong lee
golf pga james_allan -> james allan
golf pga jamie_arnold -> jamie arnold
golf pga jarand_ekeland_arnoy -> jarand ekeland arnoy
golf pga jarin_todd -> jarin todd
golf pga jarryd_felton -> jarryd felton
golf pga jason_day -> jason day
golf pga jason_dufner -> jason dufner
golf pga jason_froneman -> jason froneman
golf pga jason_smith -> jason smith
golf pga jayden_schaper -> jayden schaper
golf pga jean_bekirian -> jean bekirian
golf pga jeff_winther -> jeff winther
golf pga jeong_weon_ko -> jeong weon ko
golf pga jeongwoo_ham -> jeongwoo ham
golf pga jeremy_freiburghaus -> jeremy freiburghaus
golf pga jesper_svensson -> jesper svensson
golf pga ji_hoon_lee -> ji hoon lee
golf pga jimmy_stanger -> jimmy stanger
golf pga jinho_choi -> jinho choi
golf pga jinichiro_kozuma -> jinichiro kozuma
golf pga jj_spaun -> jj spaun
golf pga joakim_wikstrom -> joakim wikstrom
golf pga joey_garber -> joey garber
golf pga johannes_veerman -> johannes veerman
golf pga john_catlin -> john catlin
golf pga john_oda -> john oda
golf pga john_vanderlaan -> john vanderlaan
golf pga jon_rahm -> jon rahm
golf pga jonas_kolbing -> jonas kolbing
golf pga jonathan_garrick -> jonathan garrick
golf pga jongheon_park -> jongheon park
golf pga jordi_garcia_del_mora -> jordi garcia del mora
golf pga joshua_creel -> joshua creel
golf pga joung_whan_park -> joung whan park
golf pga justin_hueber -> justin hueber
golf pga justin_suh -> justin suh
golf pga juuso_kahlos -> juuso kahlos
golf pga kade_mcbride -> kade mcbride
golf pga karandeep_kochhar -> karandeep kochhar
golf pga kasidit_lepkurte -> kasidit lepkurte
golf pga kazuki_higa -> kazuki higa
golf pga keenan_davidse -> keenan davidse
golf pga kei_takahaski -> kei takahaski
golf pga keisuke_otawa -> keisuke otawa
golf pga keita_nakajima -> keita nakajima
golf pga keith_horne -> keith horne
golf pga kevin_na -> kevin na
golf pga khalin_joshi -> khalin joshi
golf pga kk_limbhasut -> kk limbhasut
golf pga koki_shiomi -> koki shiomi
golf pga kshitij_kaul -> kshitij kaul
golf pga kt_kim -> kt kim
golf pga kunihiro_kamii -> kunihiro kamii
golf pga kwanchai_tannin -> kwanchai tannin
golf pga kyle_jones -> kyle jones
golf pga kyle_mcclatchie -> kyle mcclatchie
golf pga kyongjun_moon -> kyongjun moon
golf pga lars_keunen -> lars keunen
golf pga lars_van_meijel -> lars van meijel
golf pga lauri_ruuska -> lauri ruuska
golf pga laurie_canter -> laurie canter
golf pga lee_hodges -> lee hodges
golf pga liam_johnston -> liam johnston
golf pga lorens_chan -> lorens chan
golf pga lorenzo_scalise -> lorenzo scalise
golf pga lucas_herbert -> lucas herbert
golf pga lukas_nemecz -> lukas nemecz
golf pga luke_list -> luke list
golf pga mackenzie_hughes -> mackenzie hughes
golf pga marc_hammer -> marc hammer
golf pga marcel_schneider -> marcel schneider
golf pga marco_iten -> marco iten
golf pga marcus_fraser -> marcus fraser
golf pga mario_galiano -> mario galiano
golf pga mark_anderson -> mark anderson
golf pga mark_hubbard -> mark hubbard
golf pga martin_rohwer -> martin rohwer
golf pga mateusz_gradecki -> mateusz gradecki
golf pga mathinus_viljoen -> mathinus viljoen
golf pga matt_ford -> matt ford
golf pga matthew_nesmith -> matthew nesmith
golf pga matthew_spacey -> matthew spacey
golf pga matthew_wolff -> matthew wolff
golf pga maverick_mcnealy -> maverick mcnealy
golf pga max_homa -> max homa
golf pga micah_shin -> micah shin
golf pga michael_gellerman -> michael gellerman
golf pga michael_gligic -> michael gligic
golf pga michael_thompson -> michael thompson
golf pga mikiya_akutsu -> mikiya akutsu
golf pga mikumu_horikawa -> mikumu horikawa
golf pga mj_daffue -> mj daffue
golf pga motin_yeung -> motin yeung
golf pga mukesh_kumar -> mukesh kumar
golf pga naoki_sekito -> naoki sekito
golf pga nate_lashley -> nate lashley
golf pga nick_taylor -> nick taylor
golf pga nick_voke -> nick voke
golf pga niclas_johansson -> niclas johansson
golf pga nicolai_dellingshausen -> nicolai dellingshausen
golf pga nirun_sae_ueng -> nirun sae ueng
golf pga ockert_strydom -> ockert strydom
golf pga oliver_bekker -> oliver bekker
golf pga oliver_gillberg -> oliver gillberg
golf pga oliver_hundebol_jorgensen -> oliver hundebol jorgensen
golf pga oliver_lindell -> oliver lindell
golf pga p_tangkamolpraser -> p tangkamolpraser
golf pga pat_perez -> pat perez
golf pga patrick_cantlay -> patrick cantlay
golf pga patrick_reed -> patrick reed
golf pga paul_barjon -> paul barjon
golf pga pawin_ingkhapradit -> pawin ingkhapradit
golf pga pep_angles -> pep angles
golf pga phil_mickelson -> phil mickelson
golf pga philipp_mejow -> philipp mejow
golf pga pieter_moolman -> pieter moolman
golf pga quincy_quek -> quincy quek
golf pga ratchapol_juntavara -> ratchapol juntavara
golf pga raththee_sirithanakunsak -> raththee sirithanakunsak
golf pga raul_pereda -> raul pereda
golf pga ren_yonezaw -> ren yonezaw
golf pga ricardo_celia -> ricardo celia
golf pga ricardo_gouveia -> ricardo gouveia
golf pga ricardo_santos -> ricardo santos
golf pga richard_green -> richard green
golf pga richard_jung -> richard jung
golf pga richard_lee -> richard lee
golf pga richard_sterne -> richard sterne
golf pga richie_ramsay -> richie ramsay
golf pga rickie_fowler -> rickie fowler
golf pga robbie_van_west -> robbie van west
golf pga roberto_castro -> roberto castro
golf pga robin_petersson -> robin petersson
golf pga robin_sciot_siegrist -> robin sciot siegrist
golf pga rory_hie -> rory hie
golf pga rowin_caron -> rowin caron
golf pga ruan_conradie -> ruan conradie
golf pga ruan_de_smidt -> ruan de smidt
golf pga russell_henley -> russell henley
golf pga ryan_fox -> ryan fox
golf pga ryuichi_oiwa -> ryuichi oiwa
golf pga ryutaro_nagano -> ryutaro nagano
golf pga sadom_kaewkanjana -> sadom kaewkanjana
golf pga sam_ryder -> sam ryder
golf pga sanghyun_park -> sanghyun park
golf pga sangmoon_bae -> sangmoon bae
golf pga scott_arnold -> scott arnold
golf pga scott_gregory -> scott gregory
golf pga scott_harrington -> scott harrington
golf pga scott_hend -> scott hend
golf pga scott_piercy -> scott piercy
golf pga scottie_scheffler -> scottie scheffler
golf pga seamus_power -> seamus power
golf pga sean_ohair -> sean ohair
golf pga sebi_garcia -> sebi garcia
golf pga sejun_yoon -> sejun yoon
golf pga settee_prakongvech -> settee prakongvech
golf pga seunghyuk_kim -> seunghyuk kim
golf pga shad_tuten -> shad tuten
golf pga sihwan_kim -> sihwan kim
golf pga soomin_lee -> soomin lee
golf pga ssp_chawrasia -> ssp chawrasia
golf pga stefano_mazzoli -> stefano mazzoli
golf pga steve_lewton -> steve lewton
golf pga steve_stricker -> steve stricker
golf pga steven_brown -> steven brown
golf pga stoney_crouch -> stoney crouch
golf pga sung_kang -> sung kang
golf pga sungyeol_kwon -> sungyeol kwon
golf pga sunit_chowrasia -> sunit chowrasia
golf pga supakorn_utaipat -> supakorn utaipat
golf pga suradit_yongcharoenchai -> suradit yongcharoenchai
golf pga sutijet_kooratanapis -> sutijet kooratanapis
golf pga taihei_sato -> taihei sato
golf pga taisei_shimizu -> taisei shimizu
golf pga takahiro_hataji -> takahiro hataji
golf pga talor_gooch -> talor gooch
golf pga tatsunori_nukaga -> tatsunori nukaga
golf pga tatsuya_kodai -> tatsuya kodai
golf pga taylor_pendrith -> taylor pendrith
golf pga terumichi_kakazu -> terumichi kakazu
golf pga thanapath_pichaikul -> thanapath pichaikul
golf pga thomas_roseenmoller -> thomas roseenmoller
golf pga tim_wilkinson -> tim wilkinson
golf pga toby_tree -> toby tree
golf pga todd_baek -> todd baek
golf pga todd_clements -> todd clements
golf pga tom_lewis -> tom lewis
golf pga tom_power_horan -> tom power horan
golf pga tomoharu_otsuki -> tomoharu otsuki
golf pga tomohiro_ishizaka -> tomohiro ishizaka
golf pga tomoyo_ikemura -> tomoyo ikemura
golf pga toni_hakula -> toni hakula
golf pga tony_finau -> tony finau
golf pga toto_thimba -> toto thimba
golf pga trace_crowe -> trace crowe
golf pga travis_smyth -> travis smyth
golf pga trevor_sluman -> trevor sluman
golf pga tristen_strydom -> tristen strydom
golf pga vaughn_taylor -> vaughn taylor
golf pga vaughn_van_deventer -> vaughn van deventer
golf pga victor_vayret -> victor vayret
golf pga viktor_hovland -> viktor hovland
golf pga vince_covello -> vince covello
golf pga viraj_madappa -> viraj madappa
golf pga vitor_lopes -> vitor lopes
golf pga webb_simpson -> webb simpson
golf pga will_enefer -> will enefer
golf pga william_gordon -> william gordon
golf pga witchayanon_chothirunrungru -> witchayanon chothirunrungru
golf pga wonjoon_lee -> wonjoon lee
golf pga woojin_jung -> woojin jung
golf pga yanwei_liu -> yanwei liu
golf pga ye_yang -> ye yang
golf pga yeongsu_kim -> yeongsu kim
golf pga yoseop_seo -> yoseop seo
golf pga yuwa_kosaihira -> yuwa kosaihira
hockey nhl columbus^blue_jackets -> columbus blue jackets
hockey nhl detroit^red_wings -> detroit red wings
hockey nhl los_angeles^kings -> los angeles kings
hockey nhl montreal^canadiens -> montreal canadiens
hockey nhl st._louis^blues -> st. louis blues
hockey nhl washington^capitals -> washington capitals
